{"accuracy": 0.5309168443496801, "f1_score": 0.5445662736369096, "precision": 0.5731827673943082, "recall": 0.5309168443496801, "logloss": 1.0855115458314548}