{"accuracy": 0.5676100628930818, "f1_score": 0.5252421643157187, "precision": 0.5264280244517989, "recall": 0.5676100628930818}