{"accuracy": 0.5660377358490566, "f1_score": 0.5245660576330718, "precision": 0.5094995550137231, "recall": 0.5660377358490566}