{"accuracy": 0.5550314465408805, "f1_score": 0.5158053612226877, "precision": 0.4998703293543923, "recall": 0.5550314465408805}