{"mae": 0.7457142857142857, "mse": 1.322857142857143, "r2": 0.8949912001264901}