{"mae": 0.72, "mse": 1.3085714285714285, "r2": 0.8961252044447785}