{"mae": 0.673773987206823, "mse": 1.2579957356076759, "r2": 0.9054027536478622}