{"mae": 0.7314285714285714, "mse": 1.3885714285714286, "r2": 0.8897747802623632}