{"accuracy": 0.2342857142857143, "f1_score": 0.2429412667135458, "precision": 0.4136973588290873, "recall": 0.2342857142857143, "logloss": 19.238115970687453}