{"accuracy": 0.5542857142857143, "f1_score": 0.5340108129165101, "precision": 0.5244617955299872, "recall": 0.5542857142857143, "logloss": 1.3396071465343753}