{"accuracy": 0.5330490405117271, "f1_score": 0.5296749052498896, "precision": 0.5319742553111423, "recall": 0.5330490405117271, "logloss": 1.7150184038635374}