{"mae": 1.66, "mse": 4.5285714285714285, "r2": 0.6405206311025633}