,param_n_neighbors,param_weights,param_algorithm,param_leaf_size,param_p,param_metric,mean_test_score,std_test_score,rank_test_score
0,15,uniform,brute,180,22.959818254342153,euclidean,-0.8235551352875794,0.06411184907196789,1
3,21,distance,kd_tree,38,19.524445288831497,manhattan,-0.8268401245706762,0.05396202577349355,2
2,53,distance,auto,104,30.09729556485983,minkowski,-0.8661456090608374,0.05844350868139552,3
4,59,distance,kd_tree,89,12.995829151457665,euclidean,-0.8714284272290893,0.061558047795827464,4
1,75,uniform,ball_tree,103,14.777466758976015,manhattan,-0.8969895320094892,0.060479657031942254,5
