{"mae": 0.5771428571428572, "mse": 0.9942857142857143, "r2": 0.9210732994471242}