{"mae": 0.5571428571428572, "mse": 0.9971428571428571, "r2": 0.9208464985834666}