{"mae": 0.7014925373134329, "mse": 1.3667377398720681, "r2": 0.897225703539457}