{"mae": 0.5514285714285714, "mse": 1.002857142857143, "r2": 0.9203928968561512}