{"mae": 0.5742857142857143, "mse": 1.0257142857142858, "r2": 0.9185784899468897}