{"mae": 0.5742857142857143, "mse": 1.0142857142857142, "r2": 0.9194856934015205}