{"mae": 1.1628571428571428, "mse": 2.0828571428571427, "r2": 0.8346621703935448}