{"mae": 1.0810234541577826, "mse": 1.9594882729211087, "r2": 0.8526527637328564}