{"mae": 1.1228571428571428, "mse": 1.9514285714285715, "r2": 0.8450950101217986}