{"mae": 1.1314285714285715, "mse": 1.9714285714285715, "r2": 0.8435074040761947}