{"mae": 1.14, "mse": 1.9914285714285713, "r2": 0.8419197980305909}