{"mae": 1.1342857142857143, "mse": 1.9457142857142857, "r2": 0.8455486118491139}