{"mae": 1.1742857142857144, "mse": 2.117142857142857, "r2": 0.8319405600296526}