{"mae": 1.1542857142857144, "mse": 2.0514285714285716, "r2": 0.8371569798937795}