{"mae": 1.1428571428571428, "mse": 1.9714285714285715, "r2": 0.8435074040761947}