{"mae": 1.091684434968017, "mse": 1.9829424307036247, "r2": 0.8508890862584945}