,w_knn,w_rf,w_svm,w_bayesian_ridge,w_mlp,mae
1,0.42518678703516244,0.9316268531438668,0.9627289601525013,0.7406997160813716,0.43150413330751003,1.12
0,0.03501023482082277,0.5040988199216571,0.43868678008514894,0.3887291597205096,0.037210698334978254,1.1314285714285715
2,0.03364592797639665,0.41732672498082823,0.0007903037013464731,0.022380309788389674,0.6580534267348046,1.1314285714285715
