,w_knn,w_rf,w_svm,w_bayesian_ridge,w_mlp,mae
0,0.18868569592868678,0.8696197446479376,0.20155716248134714,0.4595587977000508,0.08031094430837471,1.1114285714285714
