,w_knn,w_rf,w_svm,w_bayesian_ridge,w_mlp,mae
0,0.889195948592391,0.7784732924353106,0.3996513064023126,0.724505729951515,0.46010458032116963,1.1171428571428572
