{"bagging_fraction": 0.2886152113657516, "bagging_freq": 1, "feature_fraction": 0.9366527037650917, "learning_rate": 0.0709996657782621, "max_depth": 9, "min_child_weight": 35, "n_estimators": 305, "num_leaves": 84, "reg_lambda": 2.587799816000169}