{"mae": 0.6542857142857142, "mse": 1.1742857142857144, "r2": 0.9067848450366899}