{"bagging_fraction": 0.8678059582097402, "bagging_freq": 2, "feature_fraction": 0.9700357829972771, "learning_rate": 0.3769991713357459, "max_depth": 23, "min_child_weight": 4, "n_estimators": 1027, "num_leaves": 78, "reg_lambda": 9.356349942209475}