{"bagging_fraction": 0.3807947176588889, "bagging_freq": 1, "feature_fraction": 0.951207163345817, "learning_rate": 0.07329939418114051, "max_depth": 22, "min_child_weight": 39, "n_estimators": 221, "num_leaves": 78, "reg_lambda": 4.592488919658671}