{"mae": 0.6457142857142857, "mse": 1.1828571428571428, "r2": 0.9061044424457169}