{"mae": 0.64, "mse": 1.1142857142857143, "r2": 0.9115476631735013}