{"bagging_fraction": 0.9097717330154712, "bagging_freq": 4, "feature_fraction": 0.9306776599522142, "learning_rate": 0.3029437755178535, "max_depth": 20, "min_child_weight": 9, "n_estimators": 1520, "num_leaves": 8, "reg_lambda": 7.326990505902804}