{"mae": 0.76, "mse": 1.6457142857142857, "r2": 0.8693627025331713}