{"mae": 0.6371428571428571, "mse": 1.1171428571428572, "r2": 0.9113208623098437}