{"bagging_fraction": 0.7113745401188474, "bagging_freq": 3, "feature_fraction": 0.5437678576602479, "learning_rate": 0.04292797576724562, "max_depth": 20, "min_child_weight": 27, "n_estimators": 1032, "num_leaves": 8, "reg_lambda": 5.202792876437064}