{"bagging_fraction": 0.8749080237694725, "bagging_freq": 7, "feature_fraction": 0.9598658484197037, "learning_rate": 0.27340279606636547, "max_depth": 22, "min_child_weight": 14, "n_estimators": 1882, "num_leaves": 91, "reg_lambda": 3.337086111390218}