{"mae": 0.6289978678038379, "mse": 1.1748400852878464, "r2": 0.9116557919660543}