{"mae": 0.6652452025586354, "mse": 1.3091684434968016, "r2": 0.9015547300674361}