{"accuracy": 0.5257142857142857, "f1_score": 0.42302990086876946, "precision": 0.3550835438343913, "recall": 0.5257142857142857, "logloss": 1.2554619948080221}