{"accuracy": 0.40285714285714286, "f1_score": 0.23137620017457086, "precision": 0.1622938775510204, "recall": 0.40285714285714286, "logloss": 1.9597297560527853}