{"alpha_1": 1.4342114176986536, "alpha_2": 0.8712146114484004, "lambda_1": 8.690297019754581, "lambda_2": 0.9701023861691919, "tol": 0.0004996190841599922}