{"mae": 0.6685714285714286, "mse": 1.2228571428571429, "r2": 0.9029292303545092}