{"alpha_1": 5.924146688620425, "alpha_2": 0.4645051271999772, "lambda_1": 6.075449519014383, "lambda_2": 0.5115733710618746}