{"mae": 0.6485714285714286, "mse": 1.2085714285714286, "r2": 0.9040632346727976}