{"mae": 0.7164179104477612, "mse": 1.300639658848614, "r2": 0.9021960673308405}