{"mae": 0.6914285714285714, "mse": 1.28, "r2": 0.8983932130813554}