{"alpha_1": 3.5790098059435467, "alpha_2": 13.144264993369342, "lambda_1": 39.777208168010816, "lambda_2": 6.521084405159366, "tol": 0.00031334077309564567}