,param_alpha_1,param_alpha_2,param_lambda_1,param_lambda_2,param_tol,mean_test_score,std_test_score,rank_test_score
0,3.5790098059435467,13.144264993369342,39.777208168010816,6.521084405159366,0.00031334077309564567,-0.7491807042142158,0.05220997761470936,1
