{"alpha_1": 19.897327343395343, "alpha_2": 1.1556122199273327, "lambda_1": 27.80141015434213, "lambda_2": 0.9826962463381502, "tol": 0.0001295900521079628}