{"mae": 0.7036247334754797, "mse": 1.3176972281449892, "r2": 0.9009133928040318}