{"mae": 0.6481876332622601, "mse": 1.2835820895522387, "r2": 0.9034787418576491}