{"mae": 1.0746268656716418, "mse": 1.927505330490405, "r2": 0.8550577784706226}