{"mae": 1.0660980810234542, "mse": 1.9360341151385927, "r2": 0.8544164412072183}