{"mae": 1.0660980810234542, "mse": 1.9147121535181237, "r2": 0.8560197843657291}