{"mae": 1.068230277185501, "mse": 1.929637526652452, "r2": 0.8548974441547715}