{"mae": 1.070362473347548, "mse": 1.931769722814499, "r2": 0.8547371098389205}