,w_knn,w_rf,w_svm,w_bayesian_ridge,mae
1,0.4843791001996619,0.9455606204803761,0.6807941983745766,0.2518114203744337,1.0822510822510822
4,0.6616571109725962,0.2655229218247207,0.4261040040565195,0.25520108213673176,1.0822510822510822
2,0.806922221485442,0.5434509912887421,0.9288112865905132,0.855313280025995,1.0909090909090908
3,0.3831659209733449,0.22499285176173844,0.782419062339172,0.844521131942793,1.1082251082251082
0,0.33763435574703415,0.05270206248737008,0.8921884216368992,0.9370562120973388,1.1168831168831168
