{"mae": 0.6439232409381663, "mse": 1.20682302771855, "r2": 0.9092507772282881}