{"mae": 0.7569296375266524, "mse": 1.4477611940298507, "r2": 0.8911329995371159}