{"colsample_bylevel": 0.3745401188473625, "colsample_bytree": 0.9507143064099162, "gamma": 7.3200394181140505, "learning_rate": 0.05996584841970366, "max_depth": 7, "min_child_weight": 19, "n_estimators": 1338, "reg_alpha": 0.058183612168199464, "reg_lambda": 8.661861457749351, "scale_pos_weight": 6.011150117432088}