,param_n_neighbors,param_weights,param_algorithm,param_leaf_size,param_p,param_metric,mean_test_score,std_test_score,rank_test_score
0,8,distance,kd_tree,52,9.979877262955549,euclidean,-6.515107800858568,0.7652627349009483,1
1,8,distance,kd_tree,83,6.005629167085328,minkowski,-6.5894116228099735,0.9545652645148252,2
2,6,distance,brute,24,1.8461736854065038,minkowski,-8.140476698483273,0.6315573896514517,3
4,6,distance,auto,33,1.105994578295761,manhattan,-8.142554439088407,0.6319428030256429,4
3,2,distance,brute,30,3.727374508106509,manhattan,-14.170263454341868,0.6696558761108454,5
