{"accuracy": 0.5565031982942431, "f1_score": 0.43813503226933515, "precision": 0.3651280060929714, "recall": 0.5565031982942431, "logloss": 1.2678866299103915}