{"accuracy": 0.5283018867924528, "f1_score": 0.47180101650350614, "precision": 0.4479699200791262, "recall": 0.5283018867924528}