{"accuracy": 0.5373134328358209, "f1_score": 0.47407219341073564, "precision": 0.4487017486797924, "recall": 0.5373134328358209}