{"accuracy": 0.5565031982942431, "f1_score": 0.4325118805965882, "precision": 0.3598663645269148, "recall": 0.5565031982942431, "logloss": 1.2940646353693135}