{"mae": 0.720682302771855, "mse": 1.304904051172708, "r2": 0.9018753986991384}