{"alpha_1": 1.586052052930737, "alpha_2": 8.808708591989284, "lambda_1": 8.71843627745232, "lambda_2": 0.14623741517279573}