{"accuracy": 0.55863539445629, "f1": 0.479188621660688, "precision": 0.43096310163515816, "recall": 0.55863539445629, "logloss": 1.155523318784793}