{"accuracy": 0.5942857142857143, "f1": 0.5528321991218113, "precision": 0.5432101644418048, "recall": 0.5942857142857143, "logloss": 1.1414347792225326}