{"accuracy": 0.5914285714285714, "f1": 0.511705077856278, "precision": 0.48718455313159753, "recall": 0.5914285714285714, "logloss": 1.1973330878344646}