{"accuracy": 0.5942857142857143, "f1": 0.526931919567031, "precision": 0.506459903192046, "recall": 0.5942857142857143, "logloss": 1.1055318432230732}