{"accuracy": 0.5628997867803838, "f1": 0.5186355531766121, "precision": 0.5049680476394921, "recall": 0.5628997867803838, "logloss": 1.1259885599260564}