{"accuracy": 0.5885714285714285, "f1": 0.5201395346262824, "precision": 0.4978397972451728, "recall": 0.5885714285714285, "logloss": 1.210284640758978}