{"accuracy": 0.5714285714285714, "f1": 0.4652144476709324, "precision": 0.4239360282574568, "recall": 0.5714285714285714, "logloss": 1.279528781639038}