{"accuracy": 0.5971428571428572, "f1": 0.5602415659680137, "precision": 0.5566465122280796, "recall": 0.5971428571428572, "logloss": 1.0700045272722873}