{"accuracy": 0.5914285714285714, "f1": 0.5275822724744558, "precision": 0.5081088435374149, "recall": 0.5914285714285714, "logloss": 1.1073078836489654}