{"accuracy": 0.5857142857142857, "f1": 0.5387350151566102, "precision": 0.5285779328065164, "recall": 0.5857142857142857, "logloss": 1.120114619064838}