{"accuracy": 0.5857142857142857, "f1": 0.5232921749213258, "precision": 0.5030170800377567, "recall": 0.5857142857142857, "logloss": 1.1137570453736487}