,w_knn,w_rf,w_svm,w_nb,w_mlp,log_loss
0,0.2829826407217917,0.7100540986251573,0.10592738108050814,0.44791224347290437,0.9154115250232855,1.2592075050375815
