{"accuracy": 0.5828571428571429, "f1": 0.5186858049705771, "precision": 0.4975404834286357, "recall": 0.5828571428571429, "logloss": 1.2362831004996293}