{"accuracy": 0.5971428571428572, "f1": 0.5267823847180648, "precision": 0.5077327882201832, "recall": 0.5971428571428572, "logloss": 1.1108697378807766}