{"accuracy": 0.6057142857142858, "f1_score": 0.5552459655044218, "precision": 0.5244393550947709, "recall": 0.6057142857142858, "logloss": 1.0847135983240628}