{"bagging_fraction": 0.929193522016707, "bagging_freq": 8, "feature_fraction": 0.22420305286469067, "learning_rate": 0.04083918039262706, "max_depth": 2, "min_child_weight": 6, "n_estimators": 702, "num_leaves": 11, "reg_lambda": 4.979211035335046}