{"bagging_fraction": 0.73204593855387, "bagging_freq": 4, "feature_fraction": 0.4468711475476472, "learning_rate": 0.12949517252638604, "max_depth": 23, "min_child_weight": 2, "n_estimators": 994, "num_leaves": 6, "reg_lambda": 0.4076410609247276}