{"accuracy": 0.5885714285714285, "f1_score": 0.49139022159275325, "precision": 0.4671773611318138, "recall": 0.5885714285714285, "logloss": 1.3906181330710692}