{"bagging_fraction": 0.564052196652045, "bagging_freq": 1, "feature_fraction": 0.01967313894499182, "learning_rate": 0.07529226164879838, "max_depth": 3, "min_child_weight": 1, "n_estimators": 900, "num_leaves": 161, "reg_lambda": 0.33213108791366563}