{"accuracy": 0.6028571428571429, "f1_score": 0.5522103493199317, "precision": 0.528760926697144, "recall": 0.6028571428571429, "logloss": 1.0832213179342134}