{"bagging_fraction": 0.8786948661456602, "bagging_freq": 1, "feature_fraction": 0.5068648489561084, "learning_rate": 0.18549440270541062, "max_depth": 37, "min_child_weight": 1, "n_estimators": 1400, "num_leaves": 167, "reg_lambda": 1.7744954377972282}