{"accuracy": 0.5428571428571428, "f1_score": 0.4297526386182124, "precision": 0.41310500074638007, "recall": 0.5428571428571428, "logloss": 1.5755188212115048}