{"accuracy": 0.5885714285714285, "f1_score": 0.48492809649865404, "precision": 0.4660556535992076, "recall": 0.5885714285714285, "logloss": 1.3495377639220094}