{"accuracy": 0.5971428571428572, "f1_score": 0.546656163380047, "precision": 0.5172710957547275, "recall": 0.5971428571428572, "logloss": 1.089525697035507}