{"colsample_bylevel": 0.8996473971450123, "colsample_bytree": 0.6075552222935728, "gamma": 2.4436315546465455, "learning_rate": 0.049924769784894026, "max_depth": 6, "min_child_weight": 5, "n_estimators": 1500, "reg_alpha": 0.23732679173599447, "reg_lambda": 1.0179247262040374, "scale_pos_weight": 1.5285913918433203}