Feature,Importance
svm,0.3786795
nb,0.2071752
mlp,0.17515737
rf,0.15199198
knn,0.08699601
