{"colsample_bylevel": 0.552893089071328, "colsample_bytree": 0.5926967238793935, "gamma": 0.8086332633271525, "learning_rate": 0.03706544560614045, "max_depth": 17, "min_child_weight": 6, "n_estimators": 379, "reg_alpha": 0.4704006344460384, "reg_lambda": 9.83433140894843, "scale_pos_weight": 3.9882444244455306}