{"mae": 0.6886993603411514, "mse": 1.3155650319829424, "r2": 0.9010737271198829}