{"accuracy": 0.5884861407249466, "f1_score": 0.5360269976862461, "precision": 0.5120317929026578, "recall": 0.5884861407249466, "logloss": 1.0979269195234407}