{"accuracy": 0.5373134328358209, "f1_score": 0.51144572288967, "precision": 0.5024113591918281, "recall": 0.5373134328358209, "logloss": 1.1495194933584716}