{"accuracy": 0.3485714285714286, "f1_score": 0.3400797532532097, "precision": 0.3338480302137833, "recall": 0.3485714285714286, "logloss": 1.8475830534235056}