{"accuracy": 0.4857142857142857, "f1_score": 0.5064297845012885, "precision": 0.5376438740925851, "recall": 0.4857142857142857, "logloss": 1.148399524203606}