{"mae": 2.5228571428571427, "mse": 8.882857142857143, "r2": 0.2948761148882455}