{"mae": 0.6942857142857143, "mse": 1.2257142857142858, "r2": 0.9027024294908514}