,param_C,param_kernel,param_gamma,param_degree,param_epsilon,mean_test_score,std_test_score,rank_test_score
1,15.599453033620264,sigmoid,auto,8,0.3337096111390218,-0.8398567080344662,0.03739781578782342,1
0,37.454012884736244,poly,scale,8,0.5986594841970366,-2.4039048489189376,0.10256047523091726,2
