{"mae": 0.6685714285714286, "mse": 1.2457142857142858, "r2": 0.9011148234452477}