{"accuracy": 0.5613207547169812, "f1_score": 0.5278040789126571, "precision": 0.5143222336605071, "recall": 0.5613207547169812}