{"accuracy": 0.5581761006289309, "f1_score": 0.464673787700615, "precision": 0.41866784856500183, "recall": 0.5581761006289309}