,param_n_estimators,param_learning_rate,param_max_depth,param_min_child_weight,param_subsample,param_colsample_bytree,param_colsample_bylevel,param_reg_lambda,param_reg_alpha,param_scale_pos_weight,param_gamma,mean_test_score,std_test_score,rank_test_score
0,1338,0.05996584841970366,7,19,0.7080725777960455,0.9507143064099162,0.3745401188473625,8.661861457749351,0.058183612168199464,6.011150117432088,7.3200394181140505,0.45148090352050757,0.007135781956601112,1
1,1437,0.021333911067827616,1,12,0.6118528947223795,0.9699098521619943,0.020584494295802447,4.319550186421157,0.5248564316322378,2.9122914019804194,8.324526408004218,0.4231832673057161,0.011964788640876994,2
