{"accuracy": 0.5771428571428572, "f1_score": 0.5184679544892169, "precision": 0.5016247355129342, "recall": 0.5771428571428572, "logloss": 1.2624178153428447}