{"accuracy": 0.5628997867803838, "f1_score": 0.5035605447385123, "precision": 0.505468441379815, "recall": 0.5628997867803838, "logloss": 1.1773225371427365}