{"accuracy": 0.5885714285714285, "f1_score": 0.4939222609963356, "precision": 0.4857142857142857, "recall": 0.5885714285714285, "logloss": 1.092037388723702}