{"accuracy": 0.6, "f1_score": 0.5119740073170109, "precision": 0.5011301143724135, "recall": 0.6, "logloss": 1.0696876648135591}