{"accuracy": 0.5885714285714285, "f1_score": 0.5026651510459849, "precision": 0.4837770684599952, "recall": 0.5885714285714285, "logloss": 1.0776597047106404}