{"accuracy": 0.5257142857142857, "f1_score": 0.3945958342732536, "precision": 0.3713569573283859, "recall": 0.5257142857142857, "logloss": 1.3308072909040836}