{"accuracy": 0.54, "f1_score": 0.4139482565364918, "precision": 0.37072490425541366, "recall": 0.54, "logloss": 1.555963389612561}