{"accuracy": 0.4257142857142857, "f1_score": 0.2729129409212916, "precision": 0.2499605522682446, "recall": 0.4257142857142857, "logloss": 1.9122506828383263}