{"mae": 0.6375266524520256, "mse": 1.2430703624733475, "r2": 0.9065250938588196}