{"mae": 0.6652452025586354, "mse": 1.275053304904051, "r2": 0.9041200791210534}