{"accuracy": 0.5440251572327044, "f1": 0.5523997368824013, "precision": 0.5814140128855371, "recall": 0.5440251572327044}