,w_knn,w_rf,w_svm,w_xgboost,w_nb,f1
4,0.21794012539836782,0.7293439167299054,0.8069737814251104,0.4532701761833865,0.40764052710679444,0.5067719214880333
2,0.21576091416702314,0.9697807583519721,0.36591263074044567,0.9098212188344688,0.2797789914209884,0.5030503363071671
1,0.9544277744558011,0.9921555841457059,0.2806878469559002,0.16170537860857281,0.3437494140185495,0.5015788442368485
3,0.05330647497559382,0.4413980636147785,0.3674769457358352,0.7008072553997776,0.08693709485270928,0.4958613363574044
0,0.2669338538766468,0.15640777883045975,0.20503651811102153,0.3261394635203102,0.4047038608674639,0.4945560143311501
