{"accuracy": 0.5714285714285714, "f1": 0.5223875607679772, "precision": 0.5021018300841943, "recall": 0.5714285714285714, "logloss": 1.1159260636401136}