,w_knn,w_rf,w_svm,w_nb,log_loss
3,0.5222392394424388,0.9252602305688246,0.6885275006672485,0.44389971638348513,1.1142794114674204
0,0.8839059196507231,0.03487510214264611,0.9260749317856538,0.2569420901578102,1.1173712100863706
4,0.479150627990355,0.08589459473237104,0.3291629659475812,0.18692825065969243,1.1241249009553997
1,0.5317017407809407,0.8010404926788801,0.11854325812948152,0.19411913486724208,1.1385314221383895
2,0.11668607498362826,0.6725477754306773,0.2651000120591993,0.8652395475626866,1.1571156008523502
