{"accuracy": 0.5471698113207547, "f1": 0.4943098920049913, "precision": 0.48539755334051415, "recall": 0.5471698113207547}