{"accuracy": 0.5735607675906184, "f1": 0.5266586452674655, "precision": 0.5138495143000746, "recall": 0.5735607675906184, "logloss": 1.1270461876824127}