{"accuracy": 0.5550314465408805, "f1": 0.5140891988134487, "precision": 0.5030349277706142, "recall": 0.5550314465408805}