{"accuracy": 0.5714285714285714, "f1": 0.5246130793130255, "precision": 0.5107444888841156, "recall": 0.5714285714285714, "logloss": 1.1262805576683732}