{"accuracy": 0.5714285714285714, "f1": 0.5277632757815626, "precision": 0.5126279068914822, "recall": 0.5714285714285714, "logloss": 1.1187928563223497}