,w_knn,w_rf,w_svm,w_nb,log_loss
4,0.5604870406930846,0.6062646559463645,0.7604096827702028,0.5921994391532809,1.1676574924687733
1,0.7893815433778485,0.62118620020009,0.20362139952513447,0.3762444901993055,1.171889073450461
0,0.8854096939888847,0.6234475445449308,0.4987679458901495,0.8034327511023795,1.1787167725289733
2,0.9460821332980498,0.5425071665600031,0.8551505794017725,0.822507785424537,1.1787862320205644
3,0.8217534311009981,0.14697749865570875,0.8007913865357343,0.5685526554290669,1.1857398695766397
