{"accuracy": 0.5692963752665245, "f1": 0.5200457288282939, "precision": 0.5140967025509379, "recall": 0.5692963752665245, "logloss": 1.1139754877728318}