{"accuracy": 0.5471698113207547, "f1": 0.5067719214880333, "precision": 0.4960797226931375, "recall": 0.5471698113207547}