{"accuracy": 0.5543710021321961, "f1_score": 0.4539910566039933, "precision": 0.43810057392146945, "recall": 0.5543710021321961}