,param_n_estimators,param_learning_rate,param_max_depth,param_min_child_weight,param_colsample_bytree,param_colsample_bylevel,param_reg_lambda,param_reg_alpha,param_scale_pos_weight,param_gamma,mean_test_score,std_test_score,rank_test_score
0,1338,0.05996584841970366,7,19,0.9507143064099162,0.3745401188473625,8.661861457749351,0.058183612168199464,6.011150117432088,7.3200394181140505,-1.3071604486508832,0.024718734983994874,1
4,608,0.044115249373960136,7,12,0.09767211400638387,0.3046137691733707,1.7337465350777208,0.8332949117361643,3.910606075732408,6.8424302651215685,-1.3127898975750192,0.014500086303146547,2
3,1397,0.06813075385877798,9,7,0.4667628932479799,0.9832308858067882,9.656420330745593,0.9489855372533332,8.08397348116461,8.599504067363206,-1.3295914915266476,0.02157612100452574,3
1,1315,0.08334426408004218,6,2,0.020584494295802447,0.7080725777960455,6.174915096277165,0.9923115592912175,6.116531604882809,9.699198521619943,-1.362828236396302,0.024335329786646008,4
2,289,0.04008609717152555,16,15,0.023062425041415757,0.007066305219717406,6.183960093330873,0.0907064345328208,3.8246199126716274,5.247846602583891,-1.8763521374969199,0.0030645353706958635,5
