{"accuracy": 0.5373134328358209, "f1_score": 0.511029863002181, "precision": 0.5008122120702929, "recall": 0.5373134328358209, "logloss": 1.493920119586891}