{"accuracy": 0.5735607675906184, "f1_score": 0.5223024553611633, "precision": 0.5254457957789536, "recall": 0.5735607675906184, "logloss": 1.125795156082645}