{"accuracy": 0.5628997867803838, "f1_score": 0.5084974366939037, "precision": 0.5054595193410806, "recall": 0.5628997867803838, "logloss": 1.1191481118840252}