{"accuracy": 0.5479744136460555, "f1_score": 0.45569555459597344, "precision": 0.44354472182322, "recall": 0.5479744136460555, "logloss": 1.2294632448250304}