,param_alpha,param_fit_prior,mean_test_score,std_test_score,rank_test_score
0,0.3745401188473625,False,-1.7042607172393887,0.12003014383023274,1
1,0.1834347898661638,True,-1.8468495231926472,0.14280359208833687,2
