{"accuracy": 0.5455974842767296, "f1_score": 0.527397678490944, "precision": 0.5194631351016523, "recall": 0.5455974842767296}